loc,phi,trise,NAR,active_trimer,S2c,S2n,pS2c,pS2n,S4c,S4n,pS22c,pS22n,pS24c,pS24n,pS224c,pS224n
NaN,NaN,NaN,NaN,NaN,NaN,NaN,NaN,NaN,NaN,NaN,NaN,NaN,NaN,NaN,NaN,NaN
17,0.615704493413163,1282.38150037042,0.474632423247446,1.73841774631942,2329.83349216907,1806.83375433248,57.125904604864,1.77180962017515,0.00667161817216114,5.57543742992463,394.856513770723,4.15527458759437,0.0442430791139736,2.38003429005365,0.255195873825301,1.73841774631942
20,0.25988530881185,8539.41547621134,0.111772756612806,137.34277686691,406.673849878946,315.383936197057,0.259968850962577,0.412360684303265,48562.1105596017,47330.4440758648,0.00544949017657074,0.0236855967095528,1562.12281453644,2375.56819208218,32.4175449479908,137.34277686691
38,0.18414574340511,9025.91210946519,0.0780787820777572,152.526076982389,287.286294305693,222.796425990649,0.267464202930514,0.436955363009303,48522.685105021,47175.1011314634,0.00578826365665151,0.0263906767820589,1606.88052517804,2508.4052878574,34.404862148269,152.526076982389
2,0.327237496176916,8104.5693046032,0.14262993516061,124.434117534858,513.3761777683,398.13378169468,0.253143011065947,0.390416297743277,48597.6441752814,47469.6653593248,0.00515075853825236,0.0213964555178809,1521.3124497963,2256.28677453724,30.6628905209474,124.434117534858
18,0.519638887674763,1213.18805106495,0.419795915063672,0.19831257332542,2323.38660177284,1801.83405833711,57.644600303704,1.76690683957559,0.000658356204872432,0.519506408650482,402.142090954882,5.18970962090442,0.0044909618290656,0.250959008141199,0.0260726922884805,0.19831257332542
3,0.631319624997213,6013.90764075186,0.29848976071451,186.4704136477,1045.66436024208,810.934201193993,0.405390349797554,0.795214842492036,18974.3547962052,18101.7243539306,0.0136015602991317,0.0840814077303674,953.322311221171,1752.52376534786,31.6092035309895,186.4704136477
22,0.769345600372264,4926.63386318918,0.384859627944827,248.217563147267,1339.08886602432,1038.49093536659,0.575879902052675,1.35781407512353,9161.56363077903,8498.4412180117,0.0282964097624095,0.238392198111845,654.707475856177,1405.32623389974,31.7421116956027,248.217563147267
19,0.0218397321692442,10033.3868223993,0.00901895489970985,14.7337550831735,34.1566396635636,26.489176032403,0.0455902834667404,0.0346342706729316,497767.354745345,497317.87882498,0.000159970245154537,0.000241827556055691,2785.80621871062,2104.48901096059,9.75510500580566,14.7337550831735
49,0.97219527410015,1286.73752211537,0.737865069865789,70.7541695141771,2548.40997997208,1976.34431113332,24.2674779900215,3.8760686574027,1.88056848889671,274.961554225263,68.1944764563382,2.11630478056432,5.30155243841024,134.533636205362,12.568555425731,70.7541695141771
21,0.526036954334238,6665.57104689438,0.240918959932328,226.068186119395,873.213067493538,677.194683615259,0.425051017943413,0.885423832702766,18923.9583657317,17889.0663255741,0.0151006546148166,0.103148738815119,998.439882184654,1927.46886601855,34.9997753234741,226.068186119395
34,0.712192874831369,1348.58203670976,0.527990423963979,3.39527065067767,2334.1618010378,1810.19044681299,56.6385748706979,2.36680166084954,0.0135990283144295,10.9740744489792,388.075394367125,3.78555995097295,0.0902897118991268,5.01389899568278,0.512867254162097,3.39527065067767
4,0.88788182724376,4240.28650105407,0.465160107157249,188.953171537851,1527.83913366055,1184.87064704802,0.541297701235924,1.16190280607913,9214.65303500943,8716.82483120464,0.0245611085816369,0.176925484630224,617.33406224283,1234.52006164694,27.7117333783815,188.953171537851
15,0.934056926696536,1433.95095559963,0.650041622847474,8.68586691839977,2393.40860811117,1856.13756314699,51.9692639453181,1.82015770973,0.0792359115718484,69.080272038723,326.000436129577,1.39046215859396,0.445572388140702,19.3527837767168,2.35627181599438,8.68586691839977
16,0.697430338011695,1331.45607183536,0.519237304512429,3.04942799201117,2336.97077824999,1812.36886636281,56.5569919115756,1.77723743822536,0.0135558432954971,11.8136421168281,386.940732672333,3.36084342782123,0.0874907431078119,4.53514100305033,0.500742385105493,3.04942799201117
5,1.11378587884347,2696.07991863441,0.660221218342767,153.022810765279,1963.34231444811,1522.61231412063,0.705622282853113,1.49309760210469,4399.81610194383,4264.40281194518,0.0415549745048194,0.292856160144638,382.071970087228,778.312974885303,22.3735932712399,153.022810765279
31,1.09865530671183,1146.35947444594,0.798565164434671,42.8229574384868,2618.34105200267,2030.57729768692,20.9740095579833,2.65495476338111,2.48670360173047,326.521357652329,49.8594349555264,1.08017147190549,5.74843367192739,110.661970747966,11.7585518486219,42.8229574384868
48,1.42029527865991,1003.12440262167,0.906452589868626,108.351109174417,2514.76430254157,1950.2513849104,3.30993317419358,3.82489425798365,151.170571433636,451.248616944627,0.90054873768187,1.95641279833617,58.0017256374309,215.024327754377,16.2036051117414,108.351109174417
37,0.0146425940500621,10081.8460058771,0.00604096349698437,14.8620649417527,22.8882957776692,17.7503437673386,0.0457355202420807,0.0348125330590086,497760.94630893,497304.470240875,0.000161002726387411,0.000243940107929473,2794.71502046572,2115.20471925157,9.81794009371915,14.8620649417527
1,0.0289550217862004,9985.47752420436,0.0119692609385779,14.6073393898542,45.3102789271443,35.1390525218899,0.0454464288462864,0.0344579081487304,497773.700652492,497331.146662885,0.000158950921612759,0.000239746274847692,2776.98210965281,2093.88689575521,9.69306947076507,14.6073393898542
36,0.541649788990271,1234.78317834806,0.431813032575283,0.209864511452495,2321.7954028791,1800.60005089214,57.6985992958031,2.35426233658272,0.000659890054865679,0.490300463398615,402.902721501355,5.50041288556366,0.00458816863918404,0.268092481613346,0.0264944855807912,0.209864511452495
10,1.46130374283847,812.119798317289,1.0384188508009,61.3919968730976,2534.76619063083,1965.76327342567,1.53880316181822,1.92765840789685,631.446774675302,949.600244031643,0.185474165870277,0.527018921080322,115.154961057033,228.171921760218,14.2340520311242,61.3919968730976
30,1.537015293713,740.758316088031,1.01311709378667,62.8354088415874,2594.57009693153,2012.14242646961,2.96513556312965,2.63085133875648,171.357557157781,521.22248940669,0.690326175140502,0.981736199016807,58.2499197884633,172.242622208423,14.091972591456,62.8354088415874
35,0.633034195589553,1300.05452231636,0.484699611376797,1.88551363959673,2327.67115432799,1805.15681689798,57.1936297693854,2.36022025188142,0.00669052671785761,5.21378493330645,395.805152616856,4.54121870308283,0.0454449926185913,2.58814695212904,0.26041897101831,1.88551363959673
33,0.945176473448908,1458.25044986958,0.653820981009225,10.9884290311943,2385.19637820865,1849.76881045513,52.1604181644595,2.4185498797071,0.0793283467688,63.4336995953078,328.470785986918,1.80056968918465,0.465176239271477,22.5955801693795,2.43778745328445,10.9884290311943
39,0.392297676565937,7483.75866537213,0.174314399437759,280.402635714808,656.525949189623,509.149377628981,0.44871652413054,0.998559925210597,18860.7955106954,17626.3594209022,0.0170276606404942,0.129847230644357,1052.3422885292,2140.76735250484,39.3343573133554,280.402635714808
40,0.605795094991961,5884.62800952081,0.287083473702189,341.885337398666,1073.34486837841,832.401003998099,0.621637483173576,1.6325310536797,9085.82595923834,8202.33660108349,0.0337351256432988,0.340208992535555,703.069835785676,1629.35165361535,37.5299541740008,341.885337398666
43,1.03277017505374,2694.81488619707,0.612559881597537,256.941105716126,1966.61245746994,1525.14837744155,1.10397618089202,2.99116901207254,1939.94521403662,1840.77117864291,0.107257816525297,1.1390695150785,263.685627430607,673.232703892032,25.4252781718535,256.941105716126
25,1.19277106617637,2013.56382869846,0.753985247819801,156.900259511741,2167.2333406922,1680.73399521284,1.0016308189452,2.19753894864962,1996.88066910951,2033.20886968949,0.0843905115820798,0.629694675369216,244.631149008092,547.786060625383,20.5937120368447,156.900259511741
42,0.953459588222462,3258.64916993346,0.537409627031149,289.851379833483,1802.77905914328,1398.09221249816,0.977649363629652,2.74198243814826,2712.88395871791,2478.38567605794,0.0846525690397998,0.954455655190941,327.925855883512,829.537743377202,28.0822348564376,289.851379833483
8,1.36983118886873,1168.00372589194,0.941838331022381,83.6397781373403,2415.91979308172,1873.59544987617,1.14117665931743,1.83727718968664,1247.97961018983,1478.52961449376,0.10447856409438,0.461442142701509,171.64070760801,335.634528933382,15.9097559032473,83.6397781373403
45,1.20328398302999,1673.54915215892,0.788764847038443,178.975845250701,2275.42896993846,1764.64192925945,1.55278932063682,3.46087130487693,803.958890599858,943.785118647842,0.20608094427848,1.5469661188961,151.302233669098,401.802009932077,20.1766184605178,178.975845250701
47,1.33417358008202,1186.4673568887,0.909860401681612,130.742187156562,2440.41811939805,1892.59441094032,2.28212979032631,3.71181585649204,332.696939121473,587.498734778942,0.432361328188594,1.81427469198592,90.0546400932748,270.196590086266,17.3822781914014,130.742187156562
41,0.831622335969056,4171.16301426695,0.436178525897544,327.584158521841,1543.85572107148,1197.29184041356,0.829410517251149,2.34816645222915,4281.75034500676,3823.65501739157,0.0610290678043891,0.699234074796674,440.86733258765,1094.1681043618,31.9752577301681,327.584158521841
50,0.950151829366804,1482.46943719193,0.677596815951824,47.3636554347042,2478.41447150018,1922.06135719571,38.2492397786746,3.76960723877917,0.49884192914442,185.194900867559,174.857089841438,2.16370357216172,2.24193710228352,89.5734991297414,8.46048927335737,47.3636554347042
14,1.05515866324581,184.202625589152,0.743675439508978,20.6821073214538,2552.11496928256,1979.21760802659,36.0165553068294,1.940851938413,0.54818079582973,240.509222565375,154.290792257487,0.757133907399571,2.10877344392514,61.8289493706305,7.65614358832581,20.6821073214538
29,1.4628389674803,861.103787209096,1.02561182579203,75.8523987861497,2538.52524962911,1968.67850166141,2.07804989861509,2.57402285162687,358.824199487248,674.817825159988,0.342324920407085,0.91605790412621,87.5815063432204,216.649869575387,14.8455656772331,75.8523987861497
32,1.03577340016561,1420.40581067313,0.726655072931935,29.090928250628,2527.15907868361,1959.86380197489,36.7375913595361,2.56249772489562,0.532300318162563,220.078206386414,160.814903343853,1.14052995631958,2.17131063794087,73.5081765290239,7.95240130887815,29.090928250628
44,1.13512865724079,2037.13777124753,0.717883289187794,209.689871258618,2162.33964231766,1676.93882655404,1.33227326083873,3.28886525631194,1178.51338483023,1233.61186793403,0.153845341242839,1.38688649198896,191.752659557095,497.646698413345,22.1198061201866,209.689871258618
27,1.34763181933675,1214.80721474887,0.919472763602406,105.035472054579,2412.84732361809,1871.21268695745,1.41534014352651,2.44658748608556,842.054889486963,1069.56912757547,0.163195507340757,0.800962115589923,143.245037816587,323.358800745283,16.7373919558745,105.035472054579
7,1.28788575000437,1598.06407270559,0.849020998750791,106.738045818036,2284.0476399915,1771.32588500808,0.938529975048253,1.73699004459182,2028.20023054931,2155.37007620541,0.0719383712021396,0.40406750709,231.64642214127,460.214660306588,17.8308483235876,106.738045818036
23,1.00186115694099,3278.65494784173,0.563594341541339,215.242398469191,1800.41261951299,1396.25698718155,0.755768118980394,1.82558877233242,4354.92430747448,4086.58440368995,0.0488963629835282,0.429868109830273,406.620202005249,910.571863829099,26.0572679087205,215.242398469191
13,1.14977898351229,384.240810983237,0.824704254769828,29.7618811828426,2654.49703199514,2058.61700132348,19.2919129151886,2.01871222336037,2.91410432132152,356.999283962154,41.5369936086389,0.687768756688151,5.98906889621964,93.0583526232644,11.2773185885789,29.7618811828426
28,1.39378992607025,1046.71699697172,0.964628737123062,92.0069212501515,2469.46247994012,1915.11890390754,1.62331230525314,2.50399432310102,615.004052506799,883.699699131355,0.212257011835465,0.848960453964956,119.056737517262,274.366880652053,15.8656425733873,92.0069212501515
24,1.1189306814311,2481.78950596903,0.675984735146636,181.72061674687,2029.75900764423,1574.11982432777,0.887219704245788,2.05814223009432,2777.54888572127,2701.6016008632,0.0668517096777014,0.548925707649357,302.895631326234,680.19288070842,22.707227302297,181.72061674687
12,1.57855261376288,581.610207972339,1.07258053532503,42.2298829067574,2636.73027176184,2044.8385088094,2.80487003947365,2.00520080031103,181.041421816793,562.983607577757,0.602298580473634,0.610489676283069,57.7775643432179,142.9768149791,12.9906918367775,42.2298829067574
26,1.28617684180942,1491.86565302613,0.85548187453581,124.623180806543,2324.7294870433,1802.87549061123,1.21160174700197,2.35723739260008,1224.09467452901,1384.86713593597,0.121315170899909,0.734146260423671,179.748847763512,401.880593230847,18.1196435852291,124.623180806543
126,0.0379172922686162,1794.76798881912,0.0191990900055864,0.832140395857868,1158.17759365976,898.190526165883,89.0563405166527,58.9182540320278,0.00028548975047339,0.0158726289446523,968.901486907305,428.002390782135,0.00328549076457691,0.11489505150602,0.0335209528032911,0.832140395857868
9,1.42241799776019,945.159593852821,0.998613087790205,70.1652303418641,2488.48755930207,1929.87324404135,1.33824194233603,1.89246408011887,861.461841053785,1146.44921177444,0.141747042911944,0.499074895213431,137.740084858935,269.310827358102,14.872734307598,70.1652303418641
46,1.25536720985148,1445.73207392912,0.84031221057827,157.790731823419,2349.29680916121,1821.9280376828,1.77903529651494,3.57322262468065,582.117166124868,775.017592307186,0.267333211577684,1.66051323824645,124.601465254281,341.561784925044,18.9111669109449,157.790731823419
54,0.573227549179312,1269.68850047057,0.449734900123639,0.238943428916287,2317.97596025154,1797.63799464152,57.8281172296851,3.52558422693416,0.000661814238411616,0.434807918263665,404.732528688752,6.36824199425473,0.00475066870922884,0.293539025991919,0.0272971460949025,0.238943428916287
56,0.0982228155791591,9576.33717254946,0.0410364164150715,170.559655231424,152.76836949041,118.475016173762,0.275738575459427,0.464713924640182,48478.6546200312,47000.6357140823,0.00617547851508258,0.0296204688429874,1656.21992317935,2657.2598500785,36.6731186211992,170.559655231424
90,0.345932610918625,1326.29698825351,0.316519928471285,0.564975668746007,2220.77968004776,1722.26028183153,61.0422543562306,16.3115839704558,0.000610804781000168,0.12672116731342,451.639097976097,37.4292785981427,0.00498668736942599,0.270913500588852,0.0317921715195213,0.564975668746007
94,0.203564126911875,8334.90330072092,0.0876048007190457,634.465410911181,378.688616959951,293.680514732088,0.729407355019693,2.34997167555476,8882.05838984668,7482.48041437103,0.0488674443059256,0.692102547484687,811.317176957274,2136.53423669642,53.1436296687876,634.465410911181
6,1.22167520648842,1997.34553070319,0.77421112498163,125.493307938962,2166.24181986084,1679.96505043232,0.829181550131697,1.64740017212618,2814.62132974533,2846.59189170113,0.0567577429084204,0.359753689030426,285.550130638607,574.873858702455,19.5364223911582,125.493307938962
84,0.520424248032719,2212.6796579812,0.37417217569494,503.464151613605,1971.71708234089,1529.10711902705,15.0123345324431,14.4822239915204,10.3004098364067,157.040701322517,25.6124144595732,26.1328692327499,19.3526396704893,279.774501068325,30.0675289207568,503.464151613605
86,0.364251220223976,1677.61698782078,0.29920917806683,181.162137635647,2131.99336508365,1653.40466998278,50.1210799262477,15.6594501980963,0.302125867719225,47.0436432917971,303.895133915275,31.6891294615093,2.01267020147814,92.3096009363271,10.5032459701787,181.162137635647
92,0.0485533606238834,9885.91684520347,0.0206618072382845,181.088465531752,77.3957612606854,60.0220020338983,0.280299212062197,0.480286494030735,48454.1517119172,46903.1508166798,0.00639489552367769,0.0315143443804111,1683.38207548478,2740.27335366345,37.9569342559039,181.088465531752
11,1.51844226305098,669.322253405875,1.09263662521255,50.702037499056,2591.01797302508,2009.38768752883,1.97368327375604,1.97043719718593,371.583621183893,727.283374101536,0.300764803105158,0.567917060101646,85.5622724503081,179.933734629747,13.5063394557472,50.702037499056
148,0.00648277659069088,9617.56670170628,0.0027141174945324,812.053118715924,12.422617354042,9.63399506451483,0.781268468326217,2.73118666534383,8771.31723400835,7129.86970726248,0.0573547411326522,0.929635391942739,860.194134152129,2364.96732189258,61.5945696001755,812.053118715924
58,0.369483515204677,7304.07395522163,0.164370839076812,503.004398841866,672.599561599873,521.614782863989,0.685554379917249,2.04601467348388,8969.2973121282,7778.25608454367,0.0423084948889514,0.52783272974872,768.299734598415,1934.67845356494,46.4633026912938,503.004398841866
88,0.349419791739671,1351.65641896136,0.318232870657207,11.2666597753655,2215.61025042916,1718.25128299353,60.4668563345309,16.2736146146426,0.01244946205476,2.55763453893195,443.130581387557,36.9024067173531,0.100647462060863,5.4271658804758,0.635442937474804,11.2666597753655
146,0.00145259232169896,10196.8685008743,0.000598502726907055,191.883933286439,2.25522452065952,1.7489729788792,0.284792946205857,0.495824599498474,48429.8402116455,46806.1573729303,0.00661536349102411,0.033462301601558,1710.12222307611,2822.75352515551,39.2458221072763,191.883933286439
118,0.130619003423851,5406.52076333466,0.0710626191322732,1453.10666111508,667.11477438242,517.361217622949,16.4715531418137,33.937142222992,16.2470672581926,84.1024594710327,33.400986840035,140.800102055977,34.4588421519682,348.12895189177,63.9559217432326,1453.10666111508
110,0.00603459676066396,10163.872215969,0.00258004725334798,190.79969648679,9.71625555938845,7.53515551093001,0.28434955451549,0.494280448557007,48432.2467364267,46815.7832169132,0.00659338074913876,0.0332663518144605,1707.48499003699,2814.57093947761,39.1173526130657,190.79969648679
120,0.0530960091479483,2983.78795350907,0.0265284783929745,795.623050270946,903.313524161692,700.538202268921,62.8239488087686,45.952931515845,0.573043515154113,25.0225527700297,482.606446004809,259.416868604611,4.68660678006325,140.797456735234,33.2972126578516,795.623050270946
112,0.0283079280906152,9475.7564924469,0.0116139300579928,791.746730861268,52.8571662467688,40.9918163036237,0.775677986078219,2.68892317625948,8783.64995837825,7167.98059967063,0.0564006727135051,0.901570688120812,855.035188438387,2340.93146091014,60.6552959746394,791.746730861268
70,0.612756680918843,1363.73581278157,0.482526666070859,6.65176425748795,2305.35136531227,1787.8473618321,57.5421198305117,7.01276505964072,0.0135573736518782,6.25761107927212,400.739622834253,9.90265293105764,0.101461450563585,6.39436680734346,0.581239086922611,6.65176425748795
140,0.0334984302892962,2199.18294448714,0.0162257190876788,276.722954986085,940.54072193621,729.40866000598,84.3833495677881,58.1113225350988,0.10592369435806,5.43594249621668,870.443349128698,415.493411467997,1.15575091008726,38.7453841341374,11.1677417269286,276.722954986085
124,0.0381360520189536,1816.28118372353,0.0193188201137283,16.6319208282442,1153.34795327752,894.445040585745,88.6250293114188,58.6725628380613,0.00576546267895863,0.319918221432767,959.54435759308,424.422048475415,0.0660381214208965,2.30599499757754,0.670362550674095,16.6319208282442
128,0.00505784019883171,10171.6695463753,0.00212555647111286,191.048269657781,8.00573594824324,6.20861243673524,0.284451394471139,0.494634263853141,48431.6942356544,46813.5771580909,0.00659841517146263,0.0333112619986794,1708.09077781915,2816.44576761776,39.1467744874629,191.048269657781
122,0.0423363801441253,2164.3363013905,0.0214147578389877,273.960594369934,1073.33269088065,832.391560536514,81.2122176556087,54.6020649955021,0.114416063367951,6.08902039201072,805.844660707551,367.263088042687,1.2036798469154,40.810798330904,11.1551870421444,273.960594369934
130,0.0232143226811262,9507.99424359902,0.0095847723899691,796.3442660303,43.6759347519302,33.8715864659646,0.776944896519171,2.69851911408867,8780.85485648727,7159.3062773881,0.0566171148447197,0.907902854272562,856.204534759973,2346.41755622379,60.8686418565486,796.3442660303
136,0.0850280463986368,5320.10866086431,0.0521216544099957,1488.24587162799,584.546286607636,453.327658458034,21.8230770168503,36.1162005803602,9.31842483698427,76.0871954774955,58.8336609023372,159.40292821996,26.3652161704436,335.109944698797,64.8732745623682,1488.24587162799
52,0.713551601833749,1366.70853595959,0.531032462144998,4.18384797521851,2327.93075985149,1805.35814631561,56.8260836483941,3.54072523143751,0.0136465914816754,9.47539725861789,390.688008458718,4.86945996276455,0.094722034246661,5.69784370089555,0.534542463846984,4.18384797521851
150,0.0189856645296413,9082.51654008157,0.00774845270390258,1494.36392396665,41.3137278861205,32.0396509250695,1.60208935490804,9.08308656234279,2130.4717864417,1207.60146419127,0.27779141000936,10.0994726433449,430.005195663284,1331.97677810713,72.2483905505081,1494.36392396665
116,0.144995424666417,7145.67189301814,0.0640988239512575,1593.23200070262,394.420459633122,305.881177620581,2.97797850965788,20.0647704259156,554.640509851462,264.360637563019,1.02775408207131,49.1656452330803,207.129570652207,645.268080223621,68.7034721697159,1593.23200070262
144,0.0299173572045504,1826.58398064593,0.014465861910276,0.839650192493927,1013.09849610461,785.678704215244,92.2368196838984,62.594304891711,0.000266006730475269,0.0142076662398759,1039.85025859751,482.416199712691,0.00316496855260854,0.109158412179381,0.0335527550877717,0.839650192493927
60,0.665643881565872,4706.00648737097,0.336709341672804,543.385839404341,1356.47595903788,1051.97500121291,1.14201384911369,4.12633332426115,2577.0156269675,2090.17499990936,0.123561338428581,2.12173022402424,366.7444353504,1050.41795813028,38.9279906958802,543.385839404341
134,0.12495970051193,7341.48506403053,0.0546931337338213,1641.11900563298,339.741201750323,263.476308932979,3.06395535172173,20.9909296016886,532.822716962394,248.888144665141,1.09450964806359,53.7900269925627,204.800350245749,635.488146354672,70.2158864798245,1641.11900563298
138,0.0424567191416546,3030.05112397192,0.0204641763893773,805.699649842828,793.378554504908,615.281373990953,66.1284322002533,49.0189052031728,0.516949142780873,22.2843218894806,534.992089741113,294.978440209117,4.44298297819258,133.702805851291,33.353215782503,805.699649842828
114,0.0748573960248941,8604.67882612722,0.0317028375029019,1393.31421353093,167.44826324113,129.859573010104,1.55687073456231,8.51834337893036,2175.67335782284,1278.97883121638,0.259681315021792,8.89109802426653,426.469389252777,1323.24623990068,68.9855051255905,1393.31421353093
80,0.520614788571993,4561.60937109941,0.268111169946247,834.27901777257,1277.97865531217,991.098727963503,2.00129184683531,9.38672956100273,888.638124073066,626.839103660338,0.414813216738854,10.8599602415726,221.47483063707,717.253996205726,44.848993805032,834.27901777257
132,0.062998693531987,8705.81096612622,0.0264103465174278,1415.28666185392,139.836837165358,108.446349418878,1.5667200734663,8.63981918863516,2165.8169508669,1263.14219564117,0.263571520678863,9.1445334571428,427.28340320983,1325.43961433046,69.6987107538544,1415.28666185392
108,0.394918287092811,1317.83376911333,0.351066912441634,0.520957695108488,2246.48886262946,1742.19828129704,60.2079959197896,13.9407972271386,0.000627041953299548,0.154484649302358,439.209297704498,28.674103012273,0.00504903858272774,0.2874995515897,0.0313820248852257,0.520957695108488
104,0.420996701573084,1659.4453196158,0.342365626652882,165.88834989457,2180.7130495214,1691.18778634395,48.4155613450366,13.5326192352492,0.323398209650289,57.3252964198432,283.263525597851,23.8513284361792,2.07610692317907,97.3720427635476,10.348400244966,165.88834989457
82,0.618095190875552,3348.59826963712,0.354508056876716,696.933812420667,1621.87979408322,1257.80111208437,2.98866547009893,11.9126758449133,342.669892025903,323.957481356218,0.922350382932948,17.5468051575853,126.248282226341,472.017536350443,38.1729155207267,696.933812420667
78,0.373815520637724,6417.44870785923,0.171540246002113,906.526719626145,812.324477084363,629.974315624631,1.33179416679125,5.96650677507534,2399.38115945412,1685.06093051132,0.179091410757374,4.39071342058518,400.587573526934,1222.60082683131,52.5106083085052,906.526719626145
66,1.1280860418968,1552.53777312568,0.680210049956702,244.100037256575,2317.92604739545,1797.59928621622,4.57918266047503,7.05101662188675,95.3335692345032,313.947384402601,1.9098848935536,6.33716841421321,51.5091724133342,273.578597838362,21.5311850700278,244.100037256575
76,0.175357718185096,8516.32894636508,0.0750403658774001,658.540961298568,327.212395293552,253.759701673254,0.736866414060829,2.40335366229955,8866.62937028513,7431.8933041056,0.050039404983601,0.723254693006432,818.483003098861,2170.12921028594,54.3234616572468,658.540961298568
74,0.0435052435036928,9932.93480359085,0.0175279818378351,182.74444610177,65.7184746547978,50.9660391639553,0.280999862033605,0.482701660532124,48450.3712964545,46888.058408917,0.00642907663332877,0.0318128179628724,1687.55258338277,2753.11943089741,38.1568395601901,182.74444610177
125,0.0380107958468498,1805.30814416799,0.0192507253645801,8.31883188881158,1155.89028206571,896.416668809934,88.8522731639879,58.8018949695636,0.00286801441153725,0.159308071044264,964.468646659718,426.304895882321,0.0329323750204483,1.15086356023827,0.335196196566529,8.31883188881158
106,0.401387021077234,1345.20231962612,0.355916418045394,10.3749049014573,2242.77511020693,1739.31819012459,59.5865207830371,13.9177511984005,0.0128030489288927,3.12479370141467,430.145032210551,28.1239969084847,0.101973794217305,5.75846420669999,0.627060391127721,10.3749049014573
100,0.675843476007851,3148.6495390299,0.394384305270575,623.58237665183,1710.19392309693,1326.29053410375,2.79276319114146,10.6127687048104,374.28226301463,364.452169015478,0.790192560805518,13.9561280595295,128.644269163541,473.269479797516,35.7693633096886,623.58237665183
96,0.420524356780492,6118.74801872023,0.196120622776974,839.72947450243,907.140093817235,703.505790634699,1.29903035123761,5.62934241882533,2431.13709716979,1751.12013165616,0.168691893256304,3.91375286823454,395.568796883054,1198.99175932032,50.1205475497644,839.72947450243
55,0.00736542592111271,10131.85008529,0.00303482298324047,14.9923097494046,11.5033842878164,8.92111092895234,0.0458821610073115,0.0349927272895441,497754.476761951,497290.920984587,0.000162048607976157,0.000246084603884545,2803.70986527197,2126.03593305065,9.88158949393285,14.9923097494046
53,0.648068217261889,1324.24836363502,0.494639932355497,2.23268427261859,2322.7192864422,1801.31654158444,57.351527343253,3.53279870901131,0.00671288551167577,4.55360193176507,398.021899053192,5.54686742496138,0.0473871699078515,2.88964615460499,0.269967603116215,2.23268427261859
93,0.116874630435576,9196.53000854688,0.0493615941091694,410.585644477364,199.271650175782,154.539260407947,0.495447921741943,1.23659894444647,18727.5719155188,17087.7094570886,0.021238340827375,0.196126258439758,1157.33266556979,2568.08922953317,48.7144475909234,410.585644477364
89,0.347720798165513,1338.54954337104,0.317764061892005,5.64185335747628,2218.33324610837,1720.36302206803,60.7701761678526,16.2936149629288,0.00616282527497655,1.27281102388599,447.605751356435,37.1738797250361,0.050081720339666,2.71126562034411,0.3178254809382,5.64185335747628
142,0.0301069361759886,1847.75421526387,0.0145601229346104,16.7829561415852,1008.98074730463,782.485305418292,91.804306990469,62.3398897339481,0.00537034323234665,0.286314249910066,1030.127487223,478.486251883583,0.0636055541828739,2.19074951491972,0.67100453200767,16.7829561415852
91,0.00361676088865298,10156.9074191282,0.00149127603451701,15.0594672011426,5.6538255879515,4.38465793717071,0.0459574664069229,0.0350853446844518,497751.154229243,497283.958139224,0.000162587034292864,0.000247190392973905,2808.32901442206,2131.60278445198,9.91435610608959,15.0594672011426
57,0.222724454260943,8537.633696381,0.0955709865295513,357.803716810285,376.260796297534,291.797847916329,0.477828022350294,1.14456326554896,18779.1683526882,17293.7458789005,0.0195864225440406,0.168876890919822,1117.98597366607,2406.24982470665,45.0492796282337,357.803716810285
147,0.00318448350589254,9913.25337268261,0.00146835359930448,471.470929815801,6.08094915737093,4.71590084586335,0.514083572898107,1.33693258508094,18671.1471395174,16866.237231457,0.0230714852719265,0.228167219321235,1198.61063005725,2739.77762131041,52.7596121247169,471.470929815801
64,0.961080101978486,2267.35671078905,0.603589321308864,344.875191458914,2067.57231771525,1603.44486482608,2.16878517081399,6.28945386682899,495.868807609334,565.523297133518,0.435664394935786,4.97447251902438,131.120623351937,436.390857913555,26.2211429398341,344.875191458914
85,0.363336062282697,1808.57202519586,0.310061826912007,267.588246818536,2090.53298964659,1621.25129657773,43.6319124843412,15.3549245329841,0.598559198529822,73.1131078906597,229.834205904254,29.9986753890285,3.45511907841322,139.558396935961,15.686642486021,267.588246818536
98,0.574096966116842,4296.02356098192,0.301322588088492,754.211940546804,1377.96369835059,1068.63916705497,1.91850175762815,8.55108290172601,923.997929847645,681.644974529463,0.375330614497658,9.02842212799339,220.487926399503,710.774523362799,42.2167647766586,754.211940546804
68,0.698776395161773,1583.40147103861,0.535564047564631,98.4912286144,2354.68665493571,1826.10789282341,42.3701943492785,7.16284057509745,0.416607115501318,116.862891656441,215.824236837926,7.0076013537028,2.25088414574225,105.848194581041,9.46355259765109,98.4912286144
102,0.715706551775738,2138.8773766193,0.429376508897319,453.381855460376,2047.24437166271,1587.68008681897,10.5099784534136,12.7043670540838,21.0535914517542,183.262431798397,11.8827024415253,20.1633367195179,27.0150026035609,286.583825162159,28.7032193843369,453.381855460376
72,0.559374975326935,1309.8903979558,0.446266890966912,0.343665996026469,2301.61217526606,1784.94754308855,58.3806773577142,7.00139062769143,0.000659232829164354,0.301149723960518,412.6015827532,10.8919599743098,0.00502436859020453,0.320263609408625,0.0292370706019328,0.343665996026469
145,9.97422793617091e-05,10180.4536840866,4.21882464722266e-05,15.1226875412848,0.159979055484166,0.124067045261656,0.0460281687104009,0.035172351385848,497748.034192097,497277.4174231,0.000163093378880566,0.000248231376605781,2812.66579146754,2136.83224686587,9.94517004107803,15.1226875412848
87,0.358619407556618,1447.36764101365,0.311798596070105,55.7247002816782,2193.78834165096,1701.3279457265,57.9943590747782,16.1133332406174,0.0676671866745918,13.2095994133465,407.488060788584,35.0914214211805,0.523964341643619,27.3044107287071,3.16965989823552,55.7247002816782
111,0.0161672652728777,9839.11201040917,0.00631272514575279,465.014212766278,26.0765492992912,20.2229014404543,0.51218118617009,1.32655436079443,18676.9951152438,16888.9952398475,0.0228803608417103,0.224739271570483,1194.41305164397,2722.24664123894,52.3389451006647,465.014212766278
109,0.000426677339201418,10178.1762875895,0.000182288751426806,15.1165679915384,0.69123032785685,0.536063324928549,0.0460213328941165,0.0351639370611379,497748.335994775,497278.050074048,0.000163044388570375,0.000248130611384583,2812.24649400807,2136.32651821092,9.94218871905812,15.1165679915384
139,0.0355055226815562,2397.18434526612,0.0171969856725477,412.400044707304,903.816037891413,700.927911570359,80.1821143410502,55.8422863433283,0.175948052796987,8.77629255678321,786.018946563237,383.504690440701,1.82651916901282,60.0846173953555,16.7366389002407,412.400044707304
83,0.684756436999921,2757.69659515581,0.394283442486431,602.352902808406,1814.78842455263,1407.40573174039,4.61382102117882,13.3295868693078,131.053489152046,222.797017214793,2.1920965645093,22.0415380820938,73.7985258804901,364.24814960386,34.3212759784684,602.352902808406
119,0.0617964344374338,3570.82518281164,0.0327764062599959,1105.06305045492,797.962324632659,618.836181931326,47.6506572786698,40.5935559208412,1.42003884313213,44.6157576573745,278.053392467977,201.979785789415,8.82727214689869,221.353128658044,47.2921630303377,1105.06305045492
123,0.0391413179064053,1902.64444208644,0.0198382889566774,82.9250192085128,1132.9793408127,878.648762082475,86.7876068703345,57.6363802075226,0.030059968924665,1.65321440113951,920.192589361359,409.485236984974,0.337365293261565,11.7037609021898,3.35058084550295,82.9250192085128
129,0.0117395246830031,9856.56118631129,0.00520391996298807,466.49056933289,21.5088196763483,16.680530680564,0.512617486477395,1.32892205873359,18675.6557604046,16883.8010446159,0.0229239517032871,0.225521774399221,1195.37647313123,2726.24445238792,52.4349156941214,466.49056933289
143,0.0300072902295261,1837.38171474983,0.014510416450354,8.39412805076108,1011.14850704666,784.166447568189,92.0321751027297,62.4738247655364,0.00267190130222418,0.142586733537011,1035.24419088096,480.553166439126,0.0317219428440943,1.09337598889172,0.335515621137892,8.39412805076108
121,0.0447679192647509,2360.71957594649,0.02260751655596,408.045497879719,1030.61908222327,799.266276047545,77.0029026967866,52.4291576171536,0.190875189256843,9.84114225972436,724.554202517336,338.422372118798,1.90636317708547,63.3001612855988,16.7160206052718,408.045497879719
69,0.695137608478869,1472.30639944796,0.518825056780456,30.9529696273476,2319.42572480928,1798.76231678194,53.9832170576,7.05557857104598,0.0768761003026504,33.7090976700082,352.317226906425,8.05146235263986,0.535086576189919,31.857141399671,2.86883097328891,30.9529696273476
127,0.000364415244354534,10178.6999104654,0.000150097556944857,15.1179740834256,0.569165048473586,0.441399192157161,0.0460229037333325,0.0351658705527731,497748.266820364,497277.904878703,0.000163055645686005,0.000248153764151647,2812.34284760736,2136.4427283626,9.94287377850771,15.1179740834256
149,0.0128367529667016,9295.81322106249,0.00508799096098743,1233.94897501391,25.7179860904544,19.9448277359384,1.20146844551483,5.65425496523371,3802.28065463513,2561.15773621632,0.147963153967021,3.9323691674095,575.375307833242,1758.42785315498,68.8098105115176,1233.94897501391
117,0.176884276938646,6265.08700272399,0.0809610406606499,1547.55194248519,548.459026368437,425.341246449273,5.0520370540017,27.9009439772203,184.798745330955,132.658115232295,3.0466926160945,95.1117444029287,117.173309938897,450.984421290927,66.8340463166129,1547.55194248519
59,0.553225443236932,5716.24538877018,0.263646840584385,564.482966717092,1083.86710883943,840.561216614699,0.950349129068334,3.29707015256834,4144.00386397117,3394.89942449597,0.0845334851957703,1.35709881898184,491.943247586914,1361.80969753145,42.8610272820539,564.482966717092
133,0.0846652709334342,8308.60905887854,0.0358719369279769,1549.19667676417,198.839898188958,154.20443772511,1.97303972439265,12.2853314242016,1339.63033385619,685.266849575935,0.433091378017644,18.449119796638,332.480145218105,1022.79456876885,70.6322878887488,1549.19667676417
137,0.0497504845079869,3626.6962474966,0.0242302006979571,1121.25189695696,700.607158430231,543.335249772847,51.3482908601317,43.2870231968661,1.22251431986904,39.8300265817472,323.047819367885,229.574360439788,8.18115231929971,210.678696957436,47.4070751450496,1121.25189695696
115,0.100125339513241,8165.76623834017,0.0426959882588522,1517.2545078044,236.019218560967,183.037733789639,1.95223908722758,12.0066462229639,1353.54909260703,702.467525693606,0.422590721518675,17.6264430879729,332.336492906457,1024.74618031006,69.6470605846461,1517.2545078044
62,0.842231711229951,3130.87218804667,0.484282307871356,437.55827832075,1802.65005115346,1397.99216150784,1.5933748190911,5.48357247535479,1067.5380213587,950.268678101379,0.239727975918239,3.75721954551348,210.012649382329,636.754998359346,31.2012979810026,437.55827832075
51,0.90627274847552,1479.48018084207,0.630914329980821,16.0925277954777,2368.3503975544,1836.70440603651,52.5867694012856,3.60220250291803,0.0791292424027792,53.5910578281953,333.993280284343,2.8836300760358,0.49491925574858,27.1622321576664,2.58013405927094,16.0925277954777
135,0.153908033496702,6486.49862712584,0.069449226925728,1602.08341895729,479.709744697821,372.024762357894,5.5249652008993,29.6388713929981,157.989035531312,121.739316315391,3.67877545813879,107.286274752318,109.775392278757,439.597679311697,68.8157476929484,1602.08341895729
113,0.0513231504427021,9003.72903909426,0.0214305138019355,1177.38723252654,107.319943937105,83.2288406739295,1.18278033792557,5.45953751686209,3829.66851502503,2619.30841647517,0.14255337051413,3.66881631553281,570.24626089878,1736.61717460852,66.7739453239477,1177.38723252654
107,0.398176298693607,1331.09736312392,0.3540829438471,5.19881371484524,2244.73667720545,1740.83942547165,59.9140054415475,13.9299238737012,0.00633193612658445,1.55339959372262,434.909638319228,28.4039778033112,0.0507237034502267,2.87705160798874,0.313679479718417,5.19881371484524
131,0.0427496845758971,9068.86049487831,0.0177482229829585,1189.9891412308,89.0647308766264,69.071504196807,1.18696177353267,5.50285068853785,3823.55419837409,2606.23289761988,0.143755451340019,3.72669899831488,571.407116123223,1741.58914179574,67.2290488959922,1189.9891412308
77,0.289162817823211,7343.88717854512,0.127993150393957,857.002077664504,592.456110840165,459.461872767633,1.06994959664721,4.35157730162272,3989.1099272936,2984.92455800882,0.112255224518289,2.34336869757562,535.58754648415,1578.59475709044,54.7813772531811,857.002077664504
73,0.00306428275755247,10160.6572142606,0.00126040100889094,15.0695284766594,4.77866513198807,3.7059530179616,0.0459687306463936,0.0350992033533107,497750.656930594,497282.916041238,0.000162667652528472,0.000247356060327385,2809.01994662628,2132.4357567082,9.91926219874157,15.0695284766594
103,0.41769234008877,1767.61701956367,0.359493055815219,245.166860590003,2149.62155641744,1667.07569444309,41.3268684614766,13.3396780613189,0.666712787612326,88.3910505717742,205.792956697587,22.7454971743129,3.63169971954994,146.693523669114,15.4502105038097,245.166860590003
75,0.100346648676101,9303.58284792793,0.042042580578768,419.47043082869,170.402139575063,132.150361532158,0.498271035341573,1.25160048854088,18719.1478899119,17054.3883959852,0.0215103220272163,0.200761896193831,1163.60859382255,2594.07191514357,49.3160857150453,419.47043082869
153,0.0499781815503339,7492.76377872685,0.0215540348851413,1828.96707696984,171.734403243892,133.183559328212,10.3942397196526,37.7568358622368,48.6700256849336,85.743181863416,13.5669206496344,173.842256461005,64.8469233216804,394.21538640571,77.5579928970976,1828.96707696984
79,0.436351385964911,5664.92124999182,0.208446410855762,899.748050418251,996.097872983538,772.49436370939,1.56407971007458,7.31631895161787,1627.35690811528,1113.34991991402,0.250716032125316,6.59526145205788,318.47710465977,991.275785197505,49.7930987374204,899.748050418251
154,0.0166224736826086,4999.59978340738,0.00716731842810276,1584.7461823395,208.066176449359,161.35959584071,41.9436545732693,45.7445923492908,2.54653709256125,50.5674336092634,217.009831723015,255.481830031065,13.9131467169738,281.956253560528,66.2703798786383,1584.7461823395
156,0.0103175627054208,3180.05040413702,0.00440666490048982,837.764172357117,281.635109649476,218.413815580282,79.8507644898408,61.9191620325101,0.353990263013226,14.5551329430784,781.321838076287,469.582605428167,3.65093532055911,110.158597685244,33.5171008029963,837.764172357117
157,0.00845846458068612,2511.3912010146,0.00360591997110025,425.97181750559,317.306199136818,246.07747849002,93.5448659235275,69.7616642641105,0.129056409811187,5.82573505470177,1071.59899026675,596.649005156363,1.55327966151891,49.7233393564008,16.7968339184435,425.97181750559
95,0.330828403795668,7075.20104231551,0.147791202233328,806.781441522774,672.808930092105,521.777134527575,1.05085682872841,4.17517803760002,4014.92273805646,3049.02059211426,0.107527325012341,2.15966766557023,529.094824484865,1547.36555384634,52.815076021536,806.781441522774
152,0.0425350406177705,8225.87384141178,0.0179220060737389,1835.6734051774,114.596201438135,88.8717093191075,3.47835657689945,25.1946597738116,441.853734305871,193.466138387223,1.44501470214541,77.3940543612919,193.137603879913,592.71047728831,76.4928904343774,1835.6734051774
160,0.00713624659428694,1944.00106265004,0.0030278041194527,17.2486053756416,350.017461761819,271.445734886894,105.124949139649,76.9534308435271,0.00408898127801335,0.193770288964668,1352.91788319895,726.449515657984,0.0551307027827824,1.82552733976461,0.672877369754328,17.2486053756416
105,0.416315366666482,1443.57163397477,0.35261481044522,51.1355868304432,2226.7863042642,1726.91854251948,56.9220327740618,13.818531163454,0.0701415352626429,16.198688467258,392.352626604486,26.4286680178046,0.532599669829241,28.9376221508998,3.12536127062607,51.1355868304432
162,0.00707323177506961,1922.36251370087,0.00300802849602694,0.862796297306699,351.279747020968,272.42466307599,105.558832649746,77.2309518101774,0.000202773735484192,0.00962296687655086,1364.09709519512,731.712485485386,0.00274491546680576,0.0909875133645369,0.0336455350442075,0.862796297306699
159,0.00729996519235594,2034.61479074425,0.00311344148665799,86.0851975972971,344.675362046477,267.30282679922,103.279378124639,75.7789383023035,0.021181194453157,0.997354253653258,1305.88143527536,704.38518804202,0.280705601854323,9.25191641779769,3.36366234402817,86.0851975972971
141,0.030930642969313,1935.23937691195,0.0149654185261906,83.6982073564651,991.598806558881,769.0052528959,89.9625831246113,61.2659461332,0.0279615005544221,1.4785668964836,989.23900018068,462.071942757984,0.324710816274006,11.1166337674314,3.35392037100635,83.6982073564651
81,0.575883706868884,3836.43040938816,0.315274393686314,760.586021396959,1477.11417832524,1145.53240193739,2.45796542000102,10.8493751857251,540.819089424831,427.06576446145,0.625776637032413,14.5292124178229,164.710866245573,565.785130439429,41.0339281996645,760.586021396959
155,0.0124098914690044,3823.84457966834,0.00530322483499664,1174.07038207038,250.099648202153,193.957417039344,66.0785353684322,54.9859023484752,0.737494927982431,25.8904090922822,535.693188585286,369.871096639846,6.31805203515075,173.819051999909,47.735972889889,1174.07038207038
167,0.00810324364712556,9332.99950437387,0.00308684358616008,1240.99943195539,15.619824399514,12.1134957156681,1.20377676969012,5.67853742129609,3798.88046321003,2554.02616413296,0.148639232310372,3.96588289682073,575.996706821689,1761.03546891279,69.0620987072625,1240.99943195539
71,0.587500137564143,1338.41387595585,0.466660713655071,3.37985185143958,2303.41458792032,1786.34535114493,57.9829081950903,7.00687347804964,0.00667946059921547,3.0716923394957,406.953245031852,10.3754222017288,0.0504639612012084,3.19983823319612,0.291474151788478,3.37985185143958
158,0.00796053217929604,2306.07184490973,0.00338679921978113,285.292617523981,328.842750738042,255.024311421175,97.7109925391268,72.2980442738241,0.0788684405511962,3.6320761868047,1169.02359705275,640.978586234394,0.990359399922301,32.1354087834145,11.2043686664661,285.292617523981
65,1.04061982721515,1860.26328025255,0.675830885609845,291.082290403287,2204.05776842406,1709.29209573277,2.86529647276365,6.70463493782658,261.713086101134,417.370788346002,0.748901389871242,5.68697242029297,90.2851606194792,344.481501473795,23.6385412712291,291.082290403287
166,0.00377180075541068,9634.63668342671,0.00164332194329149,814.522420026852,7.52670330225238,5.83711320729898,0.781943539114334,2.73630794957294,8769.82241175051,7125.26767742134,0.0574705506798228,0.933064579677674,860.815349290418,2367.85975588456,61.7084050640407,814.522420026852
181,3.77674686563212e-05,10180.8943995913,1.50648546975042e-05,15.1238722151232,0.0571266180626112,0.0443028663272773,0.0460294918019595,0.0351739801515998,497747.975789929,497277.294971731,0.000163102862116277,0.000248250883606259,2812.74694783671,2136.93014088379,9.94574714673478,15.1238722151232
99,0.631915475320567,3608.22162282938,0.352240576025429,683.071153326089,1571.4279377887,1218.67464761852,2.32937158034748,9.75164344911285,574.559416612341,473.828628013483,0.552232988249755,11.7609270386058,165.593586682406,564.4420383391,38.505979185336,683.071153326089
67,0.689836529783269,1551.45123395569,0.576243340716512,146.723530659909,2376.03087220733,1842.66077218649,32.023410867617,7.22776863436693,1.099806661465,175.301500652077,121.936752402092,6.87413951020228,4.44174180893583,158.320320436031,14.1131819045248,146.723530659909
171,0.0282441594214287,7621.14731694711,0.0122250396881527,1868.61729174918,108.433896048039,84.0927148447628,12.8135827187226,39.4207770222364,32.4553976401829,80.3799527143195,20.7256600195677,189.454464657097,53.6571165135499,385.794736276753,79.0960897377598,1868.61729174918
168,0.0115907970598177,9147.30481763332,0.00472003450225705,1507.40935003786,25.188369970825,19.5340962320007,1.60791228957647,9.15713979396442,2124.66158778974,1198.657311958,0.28017051517175,10.2636395477497,430.423253567358,1332.8496577301,72.6664369861629,1507.40935003786
182,0.00053709890650054,10202.6573517739,0.00021381424969364,192.095000772376,0.805763627620192,0.624886251910454,0.284879086037814,0.496124476074697,48429.3726365699,46804.2882521936,0.00661963378221522,0.0335004510926398,1710.63456762509,2824.34202141876,39.2707769603743,192.095000772376
172,0.00976673762514775,4993.74601149006,0.00411112030604934,1598.50437416746,131.099975202482,101.67072503807,45.2091774812698,47.6609535830677,2.19331866212451,46.9957823400708,252.02450804501,277.29996690733,12.90922653435,273.002339812366,66.3948920754499,1598.50437416746
151,0.0262526404797504,8867.3877552318,0.0109101923737445,1668.89701177751,60.8218816432927,47.1686191842105,2.05234480727293,13.3720541822425,1287.55155060459,623.684326652727,0.474322801515417,21.8367581523742,332.592819120444,1012.97445803424,74.3007019491967,1668.89701177751
161,0.00711052851216586,1933.13686942467,0.00301736943765233,8.62623233005592,350.682133697212,271.961201475268,105.353518063968,77.0995625302454,0.00203563876939809,0.0965399108960089,1358.80132064494,729.218447425753,0.0275040194990223,0.911240833086716,0.336447477618778,8.62623233005592
170,0.0266993865977432,8410.10498466065,0.0111672939889711,1872.05793490301,71.6969536197203,55.6024611010145,3.57115983299949,26.0651859385305,424.345261352898,184.375635377524,1.53001590323516,82.8171015077242,190.509180717334,584.347856552475,77.698392092845,1872.05793490301
173,0.0073080152437651,3852.35241766196,0.00306751304046709,1181.83826060294,157.410906602776,122.075393085951,68.7521281219531,57.2262040022589,0.681148602228051,24.0673036239301,580.017565228761,400.529925158975,6.06531099153451,168.140244548157,47.7790940270864,1181.83826060294
184,0.00163778506887543,9645.49098893746,0.000971011422018224,816.077715447511,4.44930741097522,3.45052932129101,0.782367360487447,2.73952578764799,8768.88218461039,7122.37894073501,0.0575433655917407,0.935225019554241,861.205092236227,2369.67210508243,61.7799535212924,816.077715447511
97,0.486540683013435,5363.98020001482,0.236549190448332,824.141940704542,1096.68564300746,850.50225454911,1.51621369600241,6.80558556056424,1661.93539420615,1176.82295153535,0.232716799903902,5.71522842967817,314.974807493905,974.916040561782,47.2097327671799,824.141940704542
176,0.00468470917866684,2319.71001421992,0.00195131308702615,286.504988536807,205.888296003789,159.670604370033,100.181881107227,74.8499936909159,0.0750087836509454,3.4044558735145,1229.18625861671,686.734221255841,0.964798685463131,31.1751824269675,11.2092639916749,286.504988536807
189,0.0151559844329124,7654.66857554554,0.00652811326766983,1892.21774248728,65.8115848676484,51.0382365609285,14.9299012062517,40.5214845404451,24.0941990596075,77.0439614607221,28.1743732289667,200.151868128935,46.6025412397696,380.076167980221,79.9659799400651,1892.21774248728
174,0.00605509203728363,3200.05530296913,0.00254087210687604,842.38029973988,176.919849811677,137.204979504335,82.3932623424688,64.3186147348395,0.332404260926141,13.5681695260282,832.057160172773,506.515135805919,3.53383823844664,106.646304644009,33.5389194374634,842.38029973988
165,0.00273596941048101,9921.77442143688,0.000888549410685592,472.244931559755,3.68090568685059,2.85461811636406,0.514309957660698,1.33818132407581,18670.4488127961,16863.501133921,0.0230944999141697,0.22857910596836,1199.10941807532,2741.88867458547,52.8102582878005,472.244931559755
101,0.745395163716017,2588.79556016392,0.442656758387859,536.767458148531,1893.5744742622,1468.5059217581,4.102495408793,11.750753993827,158.262205789888,254.865048932341,1.69420895689452,17.1715230530968,79.0534212425011,367.500007604427,32.1232179380885,536.767458148531
175,0.00495794315956294,2526.40568102549,0.00207721458725286,427.897318370982,198.82845207919,154.19555077444,96.0260540899195,72.2834128508307,0.12244444456497,5.45301600080201,1129.46735990878,640.302566887123,1.51132393640707,48.211085951843,16.8048707026179,427.897318370982
169,0.0161513460181645,8967.6096082757,0.00669311235898574,1689.44795359211,37.3152272579688,28.9387256157324,2.06620468178023,13.5658249577415,1278.61810575694,613.549079372498,0.481722569045313,22.4707765332373,332.546319419071,1010.91219593302,74.9272118482431,1689.44795359211
186,0.00680821205994222,9188.26837347584,0.00279986171692414,1515.70291418006,14.9490018173675,11.5932589817269,1.61161715243195,9.20440144756002,2120.96822097424,1192.99409406821,0.28168908600306,10.3690893605862,430.685477409007,1333.38486159426,72.9319701126943,1515.70291418006
179,0.00413154061682764,1945.35791158873,0.00173973700967932,8.65896155816612,219.227432980582,170.015379882739,107.812271282156,79.6993941911517,0.00194339742357421,0.0907234483826177,1423.29727739108,778.874078368186,0.0268468486831597,0.884952255860493,0.336572433964298,8.65896155816612
177,0.00428861519010912,2046.70549592461,0.00179468790404468,86.4219906321087,215.561570606505,167.172429118771,105.740682895032,78.3666856162552,0.0202019167086475,0.936611163204151,1369.18661495855,752.97767702885,0.273861678385648,8.98236869158677,3.36496666597253,86.4219906321087
63,0.909134973687124,2608.69261138046,0.551020057679986,384.518851348905,1960.30491051963,1520.25674496175,1.87418715365192,5.96315077551823,706.932656017804,703.811990455608,0.32850428226321,4.45727823952666,162.551452704412,513.931318505681,28.2543911936515,384.518851348905
187,0.00963941534575432,9032.91830848578,0.003988656656847,1702.65413924108,22.2366139303996,17.2449510948115,2.07515282837595,13.6915197217806,1272.87797211032,607.101709987883,0.486530575841511,22.8869001434375,332.50643838825,1009.53126874591,75.3293555664342,1702.65413924108
195,0.00245689755220997,2054.18405764353,0.00102803762729252,86.628311739861,129.989831851254,100.809786505498,107.34146141985,80.0372938479821,0.0196010663540622,0.900295953867365,1411.15938864318,785.214388054378,0.269588591568712,8.81644603340539,3.36575727768923,86.628311739861
185,0.00573296933130461,9355.76320017257,0.00182628670432296,1245.45032574819,9.24752863588534,7.17164885724667,1.2052344440027,5.69388694666811,3796.73437278178,2549.52840976498,0.149066609784949,3.98712382643009,576.388368450661,1762.67755106762,69.2213149463952,1245.45032574819
183,0.00250115709995507,9927.28159842547,0.000524844045873388,472.732391489291,2.17463078857416,1.68647095784036,0.514452876522972,1.3389634880073,18670.0086491181,16861.7875342871,0.0231089165903339,0.22883836808978,1199.42454900223,2743.20823253572,52.841976471468,472.732391489291
188,0.0161590823360363,8534.44206284189,0.00672564318131697,1896.00116349795,43.28797479381,33.5707141890665,3.6356382908012,26.6532565148971,412.726306576968,178.605457317353,1.59046874525535,86.5845571571554,188.691497924535,578.811364848872,78.4984581206581,1896.00116349795
163,6.04920017852107e-05,10180.7252034567,2.55141593610261e-05,15.123416196136,0.0967505971913771,0.0750320764762601,0.0460289825836599,0.0351733531512276,497747.998412209,497277.342258625,0.00016309921227623,0.000248243374659867,2812.71571382372,2136.89245691879,9.945525037378,15.123416196136
192,0.00350723293152193,3211.94537823419,0.00145487921145885,845.21528731866,106.9999568173,82.9806654596741,84.0501553879165,65.8819738331045,0.319385648376672,12.9780135680634,865.977437808406,531.331160664442,3.46144920205031,104.473691824854,33.5520975836978,845.21528731866
201,0.00170172156595262,9923.40522801606,0.000799316942732045,472.366997196152,3.31140149664962,2.56806005893933,0.514345510048792,1.33837159927846,18670.3392510014,16863.0848027984,0.0230980187348691,0.228643619751206,1199.18798665212,2742.20636491668,52.8180018419684,472.366997196152
203,0.00772550406621808,9338.54815265522,0.00277795423842238,1242.08855287329,14.0591465776339,10.9031576700848,1.20413403566511,5.68229582275883,3798.35505561038,2552.92339990238,0.148743849904494,3.97107595723618,576.092888675351,1761.43935321715,69.1010869579523,1242.08855287329
204,0.0102878624494918,9157.03054732437,0.00425042443627052,1509.43408274075,22.6851811687479,17.5928244671223,1.60881813398327,9.16868474849196,2123.75941340289,1197.26929098967,0.280541136051076,10.2893815042607,430.487970919607,1332.98544862697,72.731332650237,1509.43408274075
202,0.00351259716212475,9637.28986832049,0.00147841907120646,814.903554493418,6.77213161900103,5.25192724696381,0.782048155009216,2.73709647677804,8769.59135826569,7124.55963913162,0.0574883743431414,0.933594058326772,860.911853534238,2368.30376586706,61.7259122864581,814.903554493418
61,0.741960455073567,4010.14820744203,0.394983791058117,506.81724875068,1549.4667048903,1201.64328714552,1.30387971745374,4.71340157448885,1811.89573430952,1493.64295041214,0.161448794807211,2.769125430369,293.534068589498,858.379445505691,35.7316442531322,506.81724875068
205,0.0145682181452083,8983.46811319256,0.00603392477997111,1692.66495368978,33.6401469488768,26.0886253082874,2.06838136465889,13.5963583596088,1277.21980588755,611.973811844259,0.482889933362495,22.5715091060972,332.537325601284,1010.57979806374,75.0252053969763,1692.66495368978
208,0.00874335643129774,4995.50443385992,0.00366967773343584,1600.60208111476,118.682467812615,92.0406929025324,45.7175918095342,47.9679643220346,2.14497129481431,46.4583168428936,257.711278319623,280.878440401207,12.7654701051861,271.616113417594,66.4129837661152,1600.60208111476
191,0.00423988095175882,3869.70653400798,0.00175922438647319,1186.62712470637,95.3291695117588,73.9297300414505,70.4903257183207,58.6960407484889,0.647929368202656,22.9733984231628,609.778834442788,421.307361196949,5.91134863213134,164.606506186875,47.8050591195275,1186.62712470637
206,0.0241549147960995,8439.92854702723,0.0100930410563518,1877.84876749479,64.8396968174271,50.2845178103725,3.58649395405987,26.2063002132208,421.542360550038,182.965005160296,1.54428837622154,83.7135512444878,190.076121981582,583.010642852024,77.8913815598989,1877.84876749479
193,0.00286762439114478,2535.28178867469,0.00118915825377234,429.077485435632,120.04964895265,93.1009698307488,97.6419753740385,73.9169242295306,0.118408999439938,5.23029302533703,1167.97056053895,669.405447489844,1.48520060505944,47.2789377689627,16.8097337303243,429.077485435632
209,0.00654516945929612,3856.72053535372,0.00273978798641486,1183.01942739937,142.469943590898,110.488369265639,69.1741552866651,57.5821627558832,0.6728389876105,23.7953599116216,587.175016168918,405.513540806694,6.02720349230917,167.270990135512,47.7855429236097,1183.01942739937
198,0.00238626343798981,1941.87670388466,0.000993706068618259,0.868058753740715,132.381553393851,102.664615270035,109.615722304513,81.509921175746,0.000187972378371763,0.00869775923406565,1471.51742556464,814.450235638846,0.00263857127495767,0.0867514288870451,0.0336655162775829,0.868058753740715
207,0.0248997934229475,7633.66326232625,0.0107883119045529,1874.54668317389,98.1935179825885,76.1510912219607,13.2867147532585,39.6869331089746,30.2444825573108,79.5597947666851,22.2955317114947,192.014091959741,51.901734608429,384.428535767573,79.3193443631527,1874.54668317389
210,0.00542478765264635,3203.02007339331,0.00226846064650224,843.080232828038,160.07594943002,124.142188377341,82.7953000010821,64.6979919216144,0.329173770213154,13.4213360513807,840.225621802656,512.482652354962,3.51599998691657,106.110985375668,33.542187996511,843.080232828038
200,0.000817628643134659,10200.9300763938,0.000325680778714477,192.03355399234,1.22729688785257,0.951793961484749,0.284854011433823,0.496037324490097,48429.5087314919,46804.8315231616,0.00661839308111458,0.0334893467156825,1710.4854205947,2823.88046782452,39.2635267983867,192.03355399234
212,0.00419702117842923,2321.72438699123,0.00174205008723958,286.688530541425,186.187196359612,144.391996966011,100.572288862838,75.2513896351925,0.0744245988047131,3.37059115243033,1238.8297641898,694.075305504421,0.960880984050028,31.0292761120643,11.2099990992334,286.688530541425
164,0.000838807214543453,10200.3923736212,0.000362056478371966,192.013655914847,1.36436109371698,1.05809006199443,0.284845902658802,0.496008868209117,48429.5527493543,46805.0087400386,0.00661798731985389,0.0334857476798361,1710.43720415277,2823.72959854393,39.2611553904813,192.013655914847
211,0.00443759668579323,2528.62355728156,0.0018543721064266,428.188864738628,179.82625646373,139.458957554628,96.418236318032,72.6804858808956,0.121446064884467,5.39758915766415,1138.75294025481,647.317165034071,1.50489938160819,47.9811841684434,16.8060765608986,428.188864738628
180,0.00415121035301432,1934.43188150447,0.00173439647555899,0.866059639952743,219.59203778921,170.298138213423,108.017359830188,79.8319443829076,0.000193603669992764,0.00904403103250595,1428.71148598584,781.473520841945,0.002679458811056,0.0883652891975849,0.0336579751091343,0.866059639952743
214,0.00372688851449808,1958.24278153708,0.00155869487983107,17.3242011861744,197.83718863967,153.426805608888,107.972178235072,79.9599751349279,0.00387513994538882,0.180348332602578,1427.57974461317,783.915607411732,0.0536079325255776,1.76480147650789,0.67316613152497,17.3242011861744
197,0.00241679459047658,1952.6277884989,0.000996746550230941,8.6790062500787,132.165228488833,102.496850868378,109.410836793276,81.376725560583,0.00188676201532346,0.0872481906861354,1466.02788066438,811.784067301057,0.0264363662171218,0.868774437774786,0.336648137848932,8.6790062500787
178,0.00416651246877512,1956.42045577406,0.00174570332520254,17.3142684778853,218.821892059021,169.700874714061,107.583959239748,79.5519616716573,0.00390328097223326,0.182083462986248,1417.28210897935,775.987840665617,0.0538105228923618,1.77280571868854,0.673128460736636,17.3142684778853
216,0.00371806929397869,1936.24387741525,0.00154861408810596,0.866553505944712,198.530786398416,153.964704919401,108.40548210423,80.2403069522213,0.000192213146582933,0.00895791363507537,1439.04801642546,789.435792328845,0.00266941288668372,0.0879671066622695,0.033659843422282,0.866553505944712
213,0.00381712166711926,2048.57445525035,0.00160237020695037,86.4729465857545,194.900791344615,151.149568996429,106.129348624042,78.77316912296,0.0200535185698912,0.927587992487739,1379.31952053666,760.758855485185,0.272811657173232,8.94143861792587,3.36516244272621,86.4729465857545
215,0.00373030104099676,1947.16747946867,0.00155337549399652,8.66391162328159,198.202422807295,153.710052189231,108.200439016936,80.1075919828023,0.00192941424442262,0.0898604063917348,1433.61539687917,786.820021731021,0.0267459947959374,0.880961429479257,0.336591173863747,8.66391162328159
223,0.00231464519562425,9106.57040725332,0.000954397774603424,1717.49169346157,5.31983032560497,4.12563774704451,2.08524648369965,13.833859081958,1266.42906300249,599.918547493082,0.491982892511625,23.3627351701728,332.45234156484,1007.92847164394,75.7807672172077,1717.49169346157
224,0.00396491683068501,8680.63693125058,0.00162941217213591,1923.46247963641,10.5147046429936,8.15436958750466,3.7132711765717,27.3427796765535,399.301566149557,172.190198496327,1.66478215677159,91.1084386644628,186.51613691455,572.440660655011,79.4231900961497,1923.46247963641
219,-0.0021916230668146,9933.95133156919,0.000124323608233543,473.275013170855,0.515230303731326,0.399571679611802,0.514611667896173,1.33982135438976,18669.5194349644,16859.909173233,0.0231247582582863,0.229126160243268,1199.77507782421,2744.64774734483,52.8768268425128,473.275013170855
228,0.000807960239939628,3224.40027154853,0.000332801358874343,848.280823912189,26.017239736138,20.1769041487848,85.9310746709353,67.6560742131413,0.305511141401979,12.353582789255,905.303690693528,560.211680888979,3.38274952656323,102.111101447606,33.5661590892415,848.280823912189
227,0.000983052326608969,3887.86676675064,0.000402975039208262,1191.81967960888,23.216673199352,18.0050071985307,72.4606298240067,60.3733888920901,0.613102692704767,21.8134076902209,644.413891632531,445.659585778242,5.74580007857724,160.746679291088,47.8326934393534,1191.81967960888
196,0.00239780824994945,1963.64516051771,0.00100014342824149,17.3544880853905,131.924607732661,102.310244524236,109.182754025305,81.2285708012974,0.00378928242066617,0.175097508892281,1459.92890953839,808.823559733917,0.0529859554835075,1.7403587476302,0.673280611599121,17.3544880853905
194,0.00271531829546101,2327.77106560565,0.00111730185066715,287.247917065492,124.245783023126,96.3551579225416,101.790246040298,76.5005665602113,0.0726462755274326,3.26836220814947,1269.15564569682,717.172173901024,0.948861710218578,30.5836770080505,11.2122284914704,287.247917065492
220,0.000432524435563777,9657.12680276256,0.00023010012055742,817.789068544802,1.05485439613926,0.818061231256656,0.782838967950237,2.74307688653636,8767.84300146585,7119.1899100508,0.0576235892182044,0.937607649233918,861.640266041894,2371.67504630778,61.8587344140882,817.789068544802
225,0.00309584785532458,7631.13985654876,0.00129130368957878,1915.97063905021,16.0669647177453,12.4602613379752,17.8065809587811,41.7810554896807,17.0730077274999,73.3896455948081,40.0468514932982,212.756254488028,39.528293829866,373.268800770626,80.7701995243818,1915.97063905021
218,0.000137781814813446,10205.1504058744,5.06365247889335e-05,192.184549461253,0.190834292886081,0.14799591610718,0.284915606215399,0.496251680652685,48429.1742332473,46803.495295634,0.00662144529257405,0.0335166374010167,1710.85177354022,2825.01581610274,39.2813627648098,192.184549461253
229,0.00066359571598591,2544.52486413544,0.000272049610668068,430.351898002481,29.1344178683152,22.5943398076154,99.4751240341379,75.7620838549885,0.114066667976563,4.99467640495216,1212.42829810946,703.059701351489,1.45663876034618,46.2678481935489,16.8149316142895,430.351898002481
217,8.11051510295187e-06,10181.0815609278,3.56727269453977e-06,15.1243747108816,0.0135264698925701,0.0104900554146117,0.0460300530458495,0.0351746709588582,497747.951032266,497277.243055379,0.000163106884816042,0.000248259157759013,2812.78137361845,2136.97166074514,9.94599194975037,15.1243747108816
221,0.00162970053991148,9381.26406700757,0.000433391248035355,1250.38727912764,2.19612717512182,1.70314189336908,1.20684457690054,5.71088347357842,3794.35714380516,2544.56572561919,0.149540240651937,4.01074083342967,576.818703778589,1764.47390470624,69.3975790863392,1250.38727912764
231,0.000598640262896016,2061.98141226071,0.000235383612071732,86.8510484487285,31.5021993528792,24.4306029961656,109.155360852724,81.9193387121473,0.0189521588818554,0.861855338263045,1459.48271227534,822.345165366863,0.264906422652338,8.6366351053229,3.36660332439203,86.8510484487285
190,0.00566582785493934,4997.51381570214,0.00235368368515175,1607.02059755869,79.4731661820808,61.6330736596074,47.2923087476027,48.9331885799267,2.0050118601709,44.8264420776784,275.72758352506,292.278442272732,12.3393741227727,267.341506688484,66.4669951506402,1607.02059755869
222,0.0018166979356817,9233.13131242933,0.000666473051437765,1524.94042953423,3.55985303395997,2.7607399490127,1.61574282903608,9.25717813037926,2116.85734997277,1186.71314559512,0.283385241630413,10.4873694577774,430.973605408183,1333.95559892951,73.2274110342194,1524.94042953423
226,0.00131453259181481,5004.13877199575,0.000539049332076479,1616.29213787923,19.381256763204,15.0305629291204,49.6219392326431,50.3996477050716,1.82177162028887,42.5048402843223,303.497197274669,310.032458525825,11.7574427463291,261.08203516686,66.5416976224385,1616.29213787923
230,0.000657167357537665,2336.17276055322,0.00025568563924558,288.04999236543,30.1345094934932,23.3699314180652,103.614014010443,78.3627542554451,0.0701007439155319,3.1243944638852,1315.24861057525,752.30860717711,0.931419145161769,29.9423941920389,11.2153984816713,288.04999236543
234,0.000537461626216141,1949.3998193964,0.000227581261465469,0.870217094562372,32.0712897334936,24.871944295553,111.42632432036,83.3992205729946,0.000181885505064208,0.0083311127681456,1520.76712862673,852.40078185553,0.00259375177210589,0.0850026946059278,0.033673593360863,0.870217094562372
235,2.84069318857172e-06,10181.1177363158,1.34483689039006e-06,15.1244718596905,0.00509968978042353,0.00395491423489008,0.0460301615576852,0.0351748045108953,497747.946235985,497277.233009238,0.000163107662579778,0.000248260757427294,2812.78802948897,2136.97968764361,9.94603928068836,15.1244718596905
232,0.000555615399806979,1971.40211668232,0.00022904404229885,17.3979119316047,31.9625793653759,24.7876371612179,110.993953780429,83.1165264049193,0.00366606720252672,0.167698567383973,1509.00171787896,846.617937623786,0.052082142053618,1.70519794969493,0.673443503055245,17.3979119316047
233,0.000557002024398399,1960.20224229331,0.000228272149127601,8.70065167181003,32.019825644499,24.832032823046,111.221719811127,83.2653914105959,0.00182554461908474,0.0835648241005671,1515.1938434287,849.660704999163,0.0259864190356085,0.851242375465731,0.33672921984786,8.70065167181003
236,4.64429487308178e-05,10205.639035443,1.90914454506359e-05,192.201917122725,0.0719507995692025,0.055799323756066,0.284922692400078,0.496276328597177,48429.1358567251,46803.3417909392,0.00662179642358209,0.0335197764014063,1710.8939228516,2825.14636926206,39.2834147295988,192.201917122725
239,-0.000462419695343339,9386.416973331,0.000163465244754535,1251.35030686975,0.828449286786429,0.642479348093597,1.20715538830586,5.71417290841619,3793.89506647754,2543.6096858893,0.149632287078702,4.01534213385032,576.900808041327,1764.81265678,69.431814937592,1251.35030686975
237,-0.000400044101609535,9935.20361912598,4.68756870321752e-05,473.379674851367,0.194273610402359,0.150663110913314,0.514642270390113,1.33998718618095,18669.4251536028,16859.5456589961,0.0231278318874032,0.229181632238114,1199.84248371851,2744.92675668529,52.8835745706334,473.379674851367
238,0.000504271930486829,9659.59373125441,8.67554496199898e-05,818.123822678407,0.397794504313195,0.308497811909803,0.78292762625667,2.74376356871508,8767.64295816929,7118.57507204016,0.0576392032996611,0.938071609911754,861.721016486282,2372.0591129345,61.8740960569279,818.123822678407
241,0.000874766556552465,9121.12444230459,0.000360568169187895,1720.39758889132,2.00971315441827,1.55857385353089,2.08722837116696,13.861875886984,1265.16608225854,598.519215337543,0.493057039600587,23.4569707360513,332.440599207988,1007.60826913148,75.8691256212497,1720.39758889132
240,0.000948215707893377,9241.86417355297,0.000251493092703715,1526.73857171651,1.34360709752664,1.04199525501336,1.61654653922787,9.2674742579807,2116.05704121242,1185.49243191412,0.283716195923026,10.5105922894315,431.029341270785,1334.065203164,73.2849060074737,1526.73857171651
242,0.00151783100763548,8710.1424578973,0.000617123346808955,1928.91329588736,3.98431311799368,3.0899167256548,3.72917897958659,27.4815618501364,396.624087762255,170.942666233786,1.68021185986286,92.0329180105706,186.072422881409,571.174105414809,79.6076803418477,1928.91329588736
199,5.5865762564821e-05,10180.7663796132,2.29497771678974e-05,15.1235279902433,0.0870263870155584,0.0674907515946887,0.0460291073973131,0.0351735068718753,497747.992763072,497277.330559979,0.000163100106807224,0.00024824521554589,2812.72336900906,2136.90169534189,9.9455794714755,15.1235279902433
247,0.000249028615230829,2546.24376990602,0.000101882810714279,430.595240462394,11.0366300310728,8.55913340641308,99.8361270622538,76.1244933646411,0.113239908525158,4.95026722633506,1221.28092463926,709.767082868992,1.45114342513849,46.0742506148276,16.8159177025763,430.595240462394
245,0.000369141780551914,3891.26821454856,0.000150938483730163,1192.81349644399,8.80107962707167,6.82541812497518,72.8485351793018,60.7049185872946,0.606578263194358,21.5945088117978,651.345355111498,450.553762160064,5.71427211979082,160.004586632318,47.8379210594187,1192.81349644399
243,0.00113088717047213,7619.29141833659,0.000467933640942553,1920.2483989317,6.09362227312296,4.72572930549176,18.4175253498041,42.0303937220089,15.9816709192878,72.6855219720438,42.8257492190684,215.297425928129,38.2929643797489,371.887610635054,80.9044214816117,1920.2483989317
244,0.000496858043418277,5005.9033559073,0.000201927442606135,1618.07150089131,7.34929792217797,5.69953156995066,50.0770709405561,50.6913409969433,1.78892589910943,42.0643293645682,309.078083160426,313.626332521153,11.6499415597965,259.869611995574,66.5556144963223,1618.07150089131
251,0.000205169547097874,1961.70824137862,8.55074941899362e-05,8.70478367584604,12.1256046603709,9.40365561151626,111.578020876996,83.6356305295814,0.00181385021353402,0.0828706730565733,1524.96255772618,857.187593025303,0.0258997028497428,0.847887546103743,0.336744611859145,8.70478367584604
246,0.000306817553092924,3226.72285737993,0.000124626720178435,848.866514893671,9.85952880715473,7.64626721328982,86.3016646113606,68.0055083185803,0.302885957512569,12.2359363049316,913.154774088178,565.990426295873,3.3676613943353,101.658101641754,33.5688226487171,848.866514893671
252,0.000207328362735964,1950.79482178103,8.52491165145066e-05,0.870629051474991,12.1450237886357,9.41871554448459,111.782563691991,83.7695728026176,0.000180722776110402,0.00826196206719265,1530.55211603225,859.942001810588,0.00258511347834445,0.0846680289724843,0.0336751220707209,0.870629051474991
249,0.000205337812645814,2063.43283847017,8.81671078773087e-05,86.8935876207686,11.9302806483914,9.2521778402234,109.512317255632,82.288395706666,0.0188282655362864,0.854598194384197,1469.08762741904,829.72737571524,0.264004272077957,8.60221794237383,3.36676407369825,86.8935876207686
248,0.000264770985656624,2337.73660195848,9.57607765248386e-05,288.203114950182,11.4141246058194,8.85188818732207,103.973068593597,78.7282381203771,0.0696154670949942,3.09726450622684,1324.41966511369,759.303830178017,0.92806084889597,29.8196435004915,11.2159998982972,288.203114950182
250,0.000207352869859105,1972.81496741557,8.57961685540145e-05,17.4062055936934,12.1040036643183,9.38690359467912,111.35032394684,83.4866391207312,0.00364253327894763,0.166301364205903,1518.75232660825,854.128869351325,0.0519079623644734,1.69846825330756,0.673474463817916,17.4062055936934
